{
  "feature_names": [
    "HOUR_SIN",
    "HOUR_COS",
    "DOW_SIN",
    "DOW_COS",
    "WOY_SIN",
    "WOY_COS",
    "SMA_5",
    "SMA_20",
    "EMA_5",
    "EMA_20",
    "BB_UPPER",
    "BB_LOWER",
    "BB_MIDDLE",
    "TENKAN_SEN",
    "KIJUN_SEN",
    "SENKOU_SPAN_A",
    "CHIKOU_SPAN",
    "SAR",
    "TURBULENCE",
    "VWAP",
    "VWAP_ZSCORE",
    "AROON_UP",
    "AROON_DOWN",
    "AROON_OSC",
    "MACD",
    "MACD_SIGNAL",
    "MACD_HIST",
    "MOMENTUM",
    "ROC",
    "RSI",
    "STOCH_SLOWK",
    "STOCH_SLOWD",
    "STOCH_CROSS",
    "WILLR",
    "PLUS_DI",
    "MINUS_DI",
    "ADX",
    "CCI",
    "PPO",
    "ULTOSC",
    "SQUEEZE_ON",
    "SQUEEZE_OFF",
    "STDDEV",
    "ATR",
    "ADL_30",
    "OBV_30",
    "VOLATILITY",
    "KELTNER_UPPER",
    "KELTNER_LOWER",
    "KELTNER_MIDDLE",
    "GARMAN_KLASS",
    "LOG_RETURN_1",
    "OVERNIGHT_GAP",
    "BAR_SHAPE",
    "SHADOW_UP",
    "SHADOW_DOWN",
    "DOJI",
    "HAMMER",
    "ENGULFING"
  ],
  "mean": [
    -0.004056175239384174,
    -0.8857378363609314,
    0.10612354427576065,
    -0.3123786449432373,
    -0.9350201487541199,
    -0.3546082675457001,
    -0.015551411546766758,
    -0.07689942419528961,
    -0.015072019770741463,
    -0.0704132691025734,
    0.681696355342865,
    -0.8354957103729248,
    -0.07689942419528961,
    -0.06089608743786812,
    -0.18073487281799316,
    -0.12081552296876907,
    0.22873763740062714,
    0.30928805470466614,
    0.0010396239813417196,
    -0.04795893281698227,
    0.04712918400764465,
    0.57554030418396,
    0.505077064037323,
    0.07046397775411606,
    0.050824619829654694,
    0.050824619829654694,
    0.0,
    0.07531112432479858,
    0.0002532124053686857,
    0.5259407162666321,
    0.5629716515541077,
    0.5629716515541077,
    0.0,
    0.5629716515541077,
    0.0,
    0.0,
    0.0,
    0.0,
    0.0,
    0.0,
    0.24520255625247955,
    0.7547974586486816,
    0.37929806113243103,
    0.31833121180534363,
    74807.625,
    -125528.90625,
    6.198684445735125e-07,
    0.5597628355026245,
    -0.7135617733001709,
    -0.07689942419528961,
    0.00069461326347664,
    2.5019438908202574e-05,
    0.0,
    0.4756620228290558,
    0.2583828568458557,
    0.2659549415111542,
    0.0,
    0.0,
    0.0
  ],
  "std": [
    0.45161721110343933,
    0.10720488429069519,
    0.7632460594177246,
    0.5555236339569092,
    3.933906555175781e-06,
    3.367654016983579e-06,
    0.26280325651168823,
    0.6291946768760681,
    0.21691931784152985,
    0.5423341393470764,
    0.8042035102844238,
    0.8667770028114319,
    0.6291946768760681,
    0.42796292901039124,
    0.7385138869285583,
    0.5396535396575928,
    1.2950494289398193,
    0.2117931991815567,
    0.0007049951236695051,
    0.46258029341697693,
    1.1741654872894287,
    0.3381775915622711,
    0.33901503682136536,
    0.5888952016830444,
    0.29791805148124695,
    0.29791805148124695,
    9.999999974752427e-07,
    0.7907587289810181,
    0.0026579394470900297,
    0.17178963124752045,
    0.30596238374710083,
    0.30596238374710083,
    9.999999974752427e-07,
    0.30596238374710083,
    9.999999974752427e-07,
    9.999999974752427e-07,
    9.999999974752427e-07,
    9.999999974752427e-07,
    9.999999974752427e-07,
    9.999999974752427e-07,
    0.43020549416542053,
    0.43020549416542053,
    0.27528929710388184,
    0.11450570076704025,
    735786.125,
    1032281.0625,
    9.999999974752427e-07,
    0.6672775149345398,
    0.671867311000824,
    0.6291946768760681,
    0.00035957718500867486,
    0.0007864036015234888,
    9.999999974752427e-07,
    0.26642870903015137,
    0.2127106934785843,
    0.2163091003894806,
    9.999999974752427e-07,
    9.999999974752427e-07,
    9.999999974752427e-07
  ],
  "clip": [
    -5.0,
    5.0
  ],
  "actions": [
    "SELL",
    "HOLD",
    "BUY"
  ],
  "seq_len": 20,
  "input_layout": "BTF",
  "format": "torchscript"
}