{
  "strategy_name": "TFA_Transformer",
  "evaluation_timestamp": "2025-09-11T03:32:12.453000",
  "overall_score": 0.45226216120362484,
  "signal_quality": {
    "min_prob": 0.0032375354785472155,
    "max_prob": 0.9989458918571472,
    "mean_prob": 0.35915297269821167,
    "std_prob": 0.24179337918758392,
    "signal_strength": "Strong"
  },
  "calibration": {
    "calibration_error": 0.3687266707420349,
    "bin_accuracies": [
      0.020829424262046814,
      0.03352180868387222,
      0.05624263733625412,
      0.06056971475481987,
      0.08135910332202911,
      0.09641610831022263,
      0.12257617712020874,
      0.1511397361755371,
      0.23581212759017944,
      0.4175824224948883
    ],
    "bin_predictions": [
      0.05926050990819931,
      0.14695513248443604,
      0.2493942826986313,
      0.3496107757091522,
      0.4496248662471771,
      0.5497952699661255,
      0.6491483449935913,
      0.7467910647392273,
      0.8396708965301514,
      0.9230645895004272
    ],
    "bin_counts": [
      5329,
      4952,
      3396,
      3335,
      3208,
      3153,
      2888,
      2018,
      1022,
      91
    ],
    "bin_centers": [
      0.05,
      0.15000000000000002,
      0.25,
      0.35000000000000003,
      0.45,
      0.55,
      0.6500000000000001,
      0.75,
      0.8500000000000001,
      0.95
    ]
  },
  "information": {
    "log_loss": 0.5364237427711487,
    "brier_score": 0.1841215342283249,
    "information_ratio": 0.25818791996405094,
    "auc_score": 0.7006363158216594
  },
  "performance": {
    "precision": 0.1354121238552115,
    "recall": 0.5715600552231938,
    "f1_score": 0.21895107977082415,
    "accuracy": 0.6985234077299945,
    "sharpe_ratio": 0.6182232567339372,
    "monthly_projected_return": 0.2222033143043518,
    "num_daily_trades": 0.31205770277626566,
    "confusion_matrix": {
      "tp": 1242,
      "tn": 19289,
      "fp": 7930,
      "fn": 931
    },
    "total_trades": 9172,
    "win_rate": 0.1354121238552115
  }
}